1,Gris,Dukelow,gdukelow0@cpanel.net,Male,Analog Circuit Design manager
2,Kelley,Flanagan,kflanagan1@trellian.com,Male,Registered Nurse
3,Zebulen,Joynes,zjoynes2@google.de,Male,Registered Nurse
4,Lilian,Spellman,lspellman3@sphinn.com,Female,Financial Advisor
5,Flora,Axton,faxton4@tuttocitta.it,Female,Media Manager I
6,Sigmund,Jamary,sjamary5@flavors.me,Bigender,Marketing Manager
7,Early,Dawtre,edawtre6@chron.com,Male,Staff Scientist
8,Vilma,Feehely,vfeehely7@dion.ne.jp,Female,Operator
9,Sandra,Burnard,sburnard8@blogtalkradio.com,Female,Dental Hygienist
10,Ernesto,Weth,eweth9@youtu.be,Male,Analyst Programmer
11,Roman,Baert,rbaerta@jigsy.com,Male,Associate Professor
12,Marsiella,Santorini,msantorinib@alexa.com,Female,Human Resources Manager
13,Danya,Brewett,dbrewettc@twitpic.com,Female,Nurse Practicioner
14,Davey,Flooks,dflooksd@about.me,Male,Administrative Officer
15,Robbie,Shelliday,rshellidaye@tamu.edu,Male,Design Engineer
16,Quincey,Rogier,qrogierf@wiley.com,Male,Editor
17,Fiann,Conyer,fconyerg@etsy.com,Non-binary,Payment Adjustment Coordinator
18,Uri,Cattermull,ucattermullh@npr.org,Male,Executive Secretary
19,Amory,Wisbey,awisbeyi@arstechnica.com,Male,Engineer II
20,Trever,McCreath,tmccreathj@sphinn.com,Male,Account Coordinator
21,Obediah,Stradling,ostradlingk@seattletimes.com,Male,Statistician IV
22,Titos,Ravenshaw,travenshawl@networkadvertising.org,Male,Web Designer II
23,Cheryl,Poge,cpogem@senate.gov,Female,Accounting Assistant I
24,Isaac,Benzing,ibenzingn@usgs.gov,Male,Research Nurse
25,Merrile,Hazelby,mhazelbyo@bbc.co.uk,Genderfluid,Computer Systems Analyst III
26,Chris,McJury,cmcjuryp@home.pl,Male,Electrical Engineer
27,Jackie,Blakeborough,jblakeboroughq@mac.com,Female,Senior Financial Analyst
28,Jacynth,Poulden,jpouldenr@comsenz.com,Female,Recruiter
29,Parke,Stern,psterns@hatena.ne.jp,Male,Account Executive
30,Brooke,Pennuzzi,bpennuzzit@tripadvisor.com,Female,Design Engineer
31,Berry,Bordes,bbordesu@amazon.de,Female,Tax Accountant
32,Libby,Worms,lwormsv@live.com,Female,Database Administrator II
33,Marcia,Alderton,maldertonw@sphinn.com,Female,Database Administrator II
34,Derry,Angless,danglessx@myspace.com,Male,Graphic Designer
35,Micaela,Leamy,mleamyy@imageshack.us,Female,Accounting Assistant I
36,Jesus,Giorgio,jgiorgioz@tmall.com,Male,Paralegal
37,Felicle,Bernadon,fbernadon10@imdb.com,Female,Statistician I
38,Danny,MacKey,dmackey11@buzzfeed.com,Female,Analog Circuit Design manager
39,Laraine,Costy,lcosty12@360.cn,Female,Research Nurse
40,Alwin,Atack,aatack13@howstuffworks.com,Bigender,Engineer III
41,Alasdair,Baldoni,abaldoni14@google.pl,Male,Speech Pathologist
42,Albina,Perrot,aperrot15@spotify.com,Female,Accountant IV
43,Roxy,Lovekin,rlovekin16@163.com,Female,Registered Nurse
44,Whitaker,Emmanuele,wemmanuele17@weather.com,Male,Community Outreach Specialist
45,Eric,Londsdale,elondsdale18@mlb.com,Male,Engineer IV
46,Rurik,Katz,rkatz19@rediff.com,Male,Structural Engineer
47,Devi,Conford,dconford1a@istockphoto.com,Female,Design Engineer
48,Giulia,MacClenan,gmacclenan1b@ftc.gov,Agender,Analyst Programmer
49,Sharia,Parratt,sparratt1c@dot.gov,Female,Assistant Media Planner
50,Cary,Spight,cspight1d@japanpost.jp,Male,Pharmacist
51,Sybilla,Cowhig,scowhig1e@google.ca,Female,Programmer Analyst III
52,Horten,Breakey,hbreakey1f@surveymonkey.com,Male,Dental Hygienist
53,Benoite,Huyge,bhuyge1g@seesaa.net,Female,Staff Scientist
54,Perren,Plows,pplows1h@abc.net.au,Male,Geological Engineer
55,Sylvester,Abrahim,sabrahim1i@soundcloud.com,Male,VP Quality Control
56,Hal,Ryce,hryce1j@sohu.com,Male,Information Systems Manager
57,Shurwood,Emmanuele,semmanuele1k@cbc.ca,Male,Desktop Support Technician
58,Gibbie,Stockdale,gstockdale1l@ftc.gov,Male,Computer Systems Analyst IV
59,Belva,Quoit,bquoit1m@who.int,Polygender,Electrical Engineer
60,Kristofor,Hoolaghan,khoolaghan1n@altervista.org,Male,Senior Quality Engineer
61,Pernell,Cauldfield,pcauldfield1o@bigcartel.com,Male,Human Resources Assistant III
62,Jammal,Gunter,jgunter1p@unicef.org,Male,Human Resources Manager
63,Collie,Karlmann,ckarlmann1q@cloudflare.com,Agender,Sales Representative
64,Ely,Bruneau,ebruneau1r@1und1.de,Male,Geologist III
65,Lucas,Wherrit,lwherrit1s@devhub.com,Male,Cost Accountant
66,Cynthea,Mutch,cmutch1t@youku.com,Female,Legal Assistant
67,Wilfred,Fairfull,wfairfull1u@shop-pro.jp,Male,Civil Engineer
68,Alistair,Goff,agoff1v@paginegialle.it,Male,Executive Secretary
69,Hubey,Haley,hhaley1w@gnu.org,Male,Sales Associate
70,Merrile,Elleyne,melleyne1x@twitter.com,Genderfluid,VP Sales
71,Meaghan,Gosneye,mgosneye1y@sphinn.com,Female,GIS Technical Architect
72,Woody,Borles,wborles1z@foxnews.com,Male,Community Outreach Specialist
73,Tiffany,Tresvina,ttresvina20@adobe.com,Female,Dental Hygienist
74,Parry,Kull,pkull21@princeton.edu,Male,Analog Circuit Design manager
75,Klement,Evenett,kevenett22@nyu.edu,Male,Environmental Specialist
76,Joan,Langsdon,jlangsdon23@tiny.cc,Female,Recruiter
77,Seana,Ritter,sritter24@github.io,Female,Administrative Officer
78,Galven,Lathbury,glathbury25@myspace.com,Male,Registered Nurse
79,Shara,Cossum,scossum26@bing.com,Female,VP Marketing
80,Randal,Scoggan,rscoggan27@skyrock.com,Non-binary,Financial Analyst
81,Maxie,Daenen,mdaenen28@miitbeian.gov.cn,Male,Junior Executive
82,Opalina,Farlowe,ofarlowe29@toplist.cz,Female,Database Administrator IV
83,Kevon,Brambell,kbrambell2a@tinypic.com,Male,Research Nurse
84,Kori,Capon,kcapon2b@blinklist.com,Female,Help Desk Technician
85,Thea,Bachelor,tbachelor2c@wikimedia.org,Female,Structural Engineer
86,Sally,Mebes,smebes2d@washington.edu,Female,Legal Assistant
87,Jilleen,Brood,jbrood2e@bigcartel.com,Female,Accounting Assistant IV
88,Lexis,Batman,lbatman2f@wp.com,Female,Chief Design Engineer
89,Rozamond,Bratten,rbratten2g@yellowpages.com,Female,Engineer IV
90,Jackie,Pighills,jpighills2h@unesco.org,Male,Director of Sales
91,Wenona,Donnellan,wdonnellan2i@ucla.edu,Female,Nuclear Power Engineer
92,Koral,Lanbertoni,klanbertoni2j@typepad.com,Female,Graphic Designer
93,Teddie,Clemmens,tclemmens2k@wired.com,Male,Actuary
94,Chevalier,Vasilyonok,cvasilyonok2l@nih.gov,Male,Web Developer I
95,Claudell,Krolik,ckrolik2m@nsw.gov.au,Male,Design Engineer
96,Evania,Pizzie,epizzie2n@nsw.gov.au,Female,Design Engineer
97,Arlene,Dewick,adewick2o@soup.io,Polygender,Financial Analyst
98,Kingston,Larner,klarner2p@netscape.com,Male,Data Coordiator
99,Kent,Dodgshon,kdodgshon2q@boston.com,Male,GIS Technical Architect
100,Niel,Ritmeyer,nritmeyer2r@surveymonkey.com,Male,Editor
101,Hanan,Vreede,hvreede2s@bigcartel.com,Male,Analog Circuit Design manager
102,Shelagh,Frosdick,sfrosdick2t@eepurl.com,Female,Sales Associate
103,Nadean,Quinnell,nquinnell2u@gizmodo.com,Female,Recruiting Manager
104,Nial,Henryson,nhenryson2v@dell.com,Male,Systems Administrator IV
105,Opalina,Carefull,ocarefull2w@yandex.ru,Genderqueer,VP Marketing
106,Cyrill,Van Geffen,cvangeffen2x@mozilla.com,Bigender,Statistician I
107,Asia,McGaughie,amcgaughie2y@imdb.com,Female,Project Manager
108,Kearney,Whisby,kwhisby2z@slideshare.net,Male,Junior Executive
109,Wendeline,Mussen,wmussen30@merriam-webster.com,Female,Web Designer III
110,Benny,Jouhan,bjouhan31@microsoft.com,Male,Design Engineer
111,Hamish,Mixworthy,hmixworthy32@devhub.com,Male,Tax Accountant
112,Korey,Excell,kexcell33@bizjournals.com,Male,Librarian
113,Alfreda,Caven,acaven34@berkeley.edu,Female,Senior Quality Engineer
114,Elisha,Dawidsohn,edawidsohn35@google.nl,Male,Geologist I
115,Sutton,Wasling,swasling36@intel.com,Male,Software Consultant
116,Lion,Wozencraft,lwozencraft37@stumbleupon.com,Male,Executive Secretary
117,Matthias,Gerber,mgerber38@bbb.org,Genderfluid,General Manager
118,Judah,Luciano,jluciano39@globo.com,Male,Legal Assistant
119,Cindy,Weedon,cweedon3a@livejournal.com,Female,Assistant Manager
120,Mair,Di Biagi,mdibiagi3b@forbes.com,Female,Associate Professor
121,Jessie,Lamminam,jlamminam3c@engadget.com,Female,Chief Design Engineer
122,Sax,Bocock,sbocock3d@mayoclinic.com,Male,Environmental Specialist
123,Marna,Chaudhry,mchaudhry3e@intel.com,Female,Account Coordinator
124,Rahal,McKeeman,rmckeeman3f@linkedin.com,Female,Recruiting Manager
125,Pris,Tersay,ptersay3g@tamu.edu,Female,Programmer IV
126,Gabe,Beelby,gbeelby3h@ihg.com,Male,Account Executive
127,Ethelbert,Zamorrano,ezamorrano3i@hibu.com,Male,Structural Analysis Engineer
128,Arthur,Kevis,akevis3j@list-manage.com,Male,Librarian
129,Antonie,Yuryev,ayuryev3k@homestead.com,Female,Technical Writer
130,Baxy,Handaside,bhandaside3l@dailymotion.com,Male,Project Manager
131,Tally,Leisman,tleisman3m@behance.net,Male,Tax Accountant
132,Stanislaus,Reihill,sreihill3n@google.it,Male,Sales Associate
133,Richard,Alcoran,ralcoran3o@hao123.com,Male,Data Coordiator
134,Olive,Tsarovic,otsarovic3p@sciencedaily.com,Female,VP Accounting
135,Bengt,Goundsy,bgoundsy3q@go.com,Male,Social Worker
136,Jilli,Letch,jletch3r@ft.com,Female,Nurse
137,Julie,Diboll,jdiboll3s@yahoo.co.jp,Male,Automation Specialist I
138,Hagen,Muncer,hmuncer3t@miitbeian.gov.cn,Male,Operator
139,Virginie,Margrie,vmargrie3u@un.org,Female,Associate Professor
140,Geoff,Panswick,gpanswick3v@qq.com,Male,Project Manager
141,Riccardo,Kingescot,rkingescot3w@google.com.au,Male,Junior Executive
142,Kippy,Bachura,kbachura3x@youku.com,Male,Dental Hygienist
143,Tom,Exer,texer3y@examiner.com,Male,Recruiting Manager
144,Lurline,Slot,lslot3z@dmoz.org,Female,Help Desk Operator
145,Garrett,Osgarby,gosgarby40@mapy.cz,Male,Automation Specialist I
146,Wally,Marran,wmarran41@istockphoto.com,Female,Registered Nurse
147,Loni,Braferton,lbraferton42@craigslist.org,Female,Product Engineer
148,Nata,Klezmski,nklezmski43@tamu.edu,Female,Safety Technician II
149,Wynn,Konke,wkonke44@shutterfly.com,Female,Research Nurse
150,Callean,Rabbe,crabbe45@livejournal.com,Male,Accountant II
151,Joell,Eagan,jeagan46@youtube.com,Female,Actuary
152,Tedra,Ragot,tragot47@slate.com,Female,Compensation Analyst
153,Sawyere,McCorrie,smccorrie48@shop-pro.jp,Genderqueer,Help Desk Technician
154,Allegra,Nucator,anucator49@pcworld.com,Female,Desktop Support Technician
155,Jobie,Ciccotti,jciccotti4a@marriott.com,Female,Assistant Media Planner
156,Madeleine,Grimes,mgrimes4b@thetimes.co.uk,Female,Financial Advisor
157,Jewel,Karppi,jkarppi4c@wiley.com,Female,Engineer IV
158,Mortie,Backwell,mbackwell4d@illinois.edu,Male,Senior Sales Associate
159,Adiana,Danhel,adanhel4e@princeton.edu,Female,Clinical Specialist
160,Arte,Gumley,agumley4f@salon.com,Male,Financial Advisor
161,Kellen,Goodliffe,kgoodliffe4g@ezinearticles.com,Male,Data Coordiator
162,Tab,Carneck,tcarneck4h@soundcloud.com,Male,Senior Editor
163,Pavlov,Lasseter,plasseter4i@xinhuanet.com,Male,Editor
164,Billy,De Dei,bdedei4j@printfriendly.com,Male,Technical Writer
165,Gonzales,Cardno,gcardno4k@wordpress.com,Male,Desktop Support Technician
166,Parsifal,Lyddiard,plyddiard4l@imgur.com,Male,Senior Developer
167,Brandy,Greguoli,bgreguoli4m@thetimes.co.uk,Male,Marketing Assistant
168,Meghann,Anthoney,manthoney4n@reddit.com,Genderfluid,Operator
169,Nels,Tunnah,ntunnah4o@spotify.com,Male,Food Chemist
170,Florian,Shury,fshury4p@disqus.com,Male,Sales Representative
171,Rainer,Fullom,rfullom4q@ovh.net,Male,Executive Secretary
172,Valle,Feldhorn,vfeldhorn4r@state.gov,Male,Structural Analysis Engineer
173,Belle,Whicher,bwhicher4s@smugmug.com,Polygender,Geologist III
174,Meryl,Ullrich,mullrich4t@earthlink.net,Male,Speech Pathologist
175,Richmound,Martynov,rmartynov4u@jimdo.com,Male,Human Resources Assistant I
176,Chris,Growcott,cgrowcott4v@sbwire.com,Male,Professor
177,Marj,Vicarey,mvicarey4w@bbc.co.uk,Bigender,Design Engineer
178,Cathryn,Conor,cconor4x@wix.com,Genderqueer,Tax Accountant
179,Sonny,Nend,snend4y@cbsnews.com,Genderqueer,Geologist II
180,Louise,Dymond,ldymond4z@utexas.edu,Female,Quality Control Specialist
181,Ilysa,Elener,ielener50@toplist.cz,Female,Editor
182,Frasier,Jaume,fjaume51@opera.com,Male,Web Developer I
183,Giralda,McCurley,gmccurley52@diigo.com,Female,Junior Executive
184,Ambrose,Sherland,asherland53@aol.com,Male,Administrative Assistant I
185,Elmer,Slemmonds,eslemmonds54@blogtalkradio.com,Male,Senior Financial Analyst
186,Dalston,McCotter,dmccotter55@chron.com,Male,Associate Professor
187,Helsa,Huggard,hhuggard56@ucoz.com,Female,Analyst Programmer
188,Patric,Lansdown,plansdown57@smh.com.au,Male,Associate Professor
189,Garv,Doncom,gdoncom58@livejournal.com,Male,Director of Sales
190,Zitella,Shimmin,zshimmin59@army.mil,Female,Human Resources Assistant II
191,Sloane,Guenther,sguenther5a@geocities.com,Male,Programmer Analyst III
192,Jeniece,Ubsdell,jubsdell5b@homestead.com,Female,Environmental Specialist
193,Sylvia,Climer,sclimer5c@w3.org,Female,Chief Design Engineer
194,Madeline,Denyukhin,mdenyukhin5d@taobao.com,Female,Accounting Assistant II
195,Elihu,Schiefersten,eschiefersten5e@washingtonpost.com,Genderfluid,Chemical Engineer
196,Martelle,Skones,mskones5f@lulu.com,Female,Staff Scientist
197,Portia,Cuss,pcuss5g@mayoclinic.com,Genderqueer,Engineer II
198,Carline,Audrey,caudrey5h@msn.com,Female,Engineer IV
199,Thaxter,Pancoust,tpancoust5i@tmall.com,Male,Community Outreach Specialist
200,Valli,Valadez,vvaladez5j@hud.gov,Female,Automation Specialist III
201,Avram,Durtnel,adurtnel5k@cisco.com,Male,Account Coordinator
202,Estella,Battisson,ebattisson5l@oaic.gov.au,Female,Business Systems Development Analyst
203,Marianne,Diprose,mdiprose5m@mit.edu,Female,Health Coach II
204,Hamlen,Gibbieson,hgibbieson5n@newsvine.com,Male,Sales Associate
205,Trish,Shoreman,tshoreman5o@paginegialle.it,Polygender,Librarian
206,Ambrosi,Sabates,asabates5p@chron.com,Male,Nurse Practicioner
207,Dennie,Rignoldes,drignoldes5q@bloomberg.com,Female,Internal Auditor
208,Kleon,Tilburn,ktilburn5r@hubpages.com,Male,Physical Therapy Assistant
209,Baron,Crutcher,bcrutcher5s@livejournal.com,Male,Business Systems Development Analyst
210,Aubrey,Crooks,acrooks5t@blog.com,Male,Database Administrator IV
211,Seymour,Poe,spoe5u@posterous.com,Male,General Manager
212,Maryjane,Manthorpe,mmanthorpe5v@mozilla.com,Female,Business Systems Development Analyst
213,Zilvia,Bradd,zbradd5w@ning.com,Female,Social Worker
214,Genni,Bollard,gbollard5x@artisteer.com,Female,Account Coordinator
215,Nina,Brombell,nbrombell5y@house.gov,Female,Safety Technician IV
216,Zak,Camosso,zcamosso5z@infoseek.co.jp,Male,Research Associate
217,Seamus,O'Loughane,soloughane60@sfgate.com,Male,Automation Specialist I
218,Lillis,Salthouse,lsalthouse61@hp.com,Female,Dental Hygienist
219,Lazar,Landells,llandells62@dell.com,Male,Developer II
220,Gaylor,Dumphrey,gdumphrey63@live.com,Male,Food Chemist
221,Glyn,Sine,gsine64@fema.gov,Male,Design Engineer
222,Gilligan,Berardt,gberardt65@soup.io,Female,Graphic Designer
223,Trista,Kendrew,tkendrew66@msn.com,Polygender,Statistician IV
224,Sheffy,Poltone,spoltone67@eepurl.com,Polygender,Media Manager II
225,Loren,Bernard,lbernard68@deviantart.com,Male,Health Coach III
226,Leupold,O'Scandall,loscandall69@soup.io,Male,Programmer IV
227,Norean,Libero,nlibero6a@sakura.ne.jp,Female,Tax Accountant
228,Elenore,Taberner,etaberner6b@oracle.com,Female,Paralegal
229,Sanson,Rammell,srammell6c@sogou.com,Male,Senior Quality Engineer
230,Leonidas,Saggers,lsaggers6d@wordpress.com,Male,Staff Scientist
231,Welsh,Normadell,wnormadell6e@go.com,Male,Internal Auditor
232,Celestina,Daykin,cdaykin6f@quantcast.com,Female,Web Developer II
233,Iorgos,de Clercq,ideclercq6g@nps.gov,Male,Quality Engineer
234,Falkner,Cudd,fcudd6h@xrea.com,Male,Geologist III
235,Charlotta,Curedale,ccuredale6i@mozilla.com,Female,Graphic Designer
236,Neddy,Gwyther,ngwyther6j@cdc.gov,Male,Civil Engineer
237,Wilfrid,Hubber,whubber6k@reuters.com,Polygender,Business Systems Development Analyst
238,Robbie,Simak,rsimak6l@gmpg.org,Female,Research Associate
239,Wit,Henmarsh,whenmarsh6m@sciencedaily.com,Male,Senior Developer
240,Brittney,Angood,bangood6n@typepad.com,Female,Administrative Assistant III
241,Hugo,Autry,hautry6o@chicagotribune.com,Male,Occupational Therapist
242,Car,Mapstone,cmapstone6p@nsw.gov.au,Male,Environmental Specialist
243,Derk,Gasson,dgasson6q@infoseek.co.jp,Male,VP Sales
244,Sisely,Skyppe,sskyppe6r@nhs.uk,Non-binary,Computer Systems Analyst II
245,Sondra,Antoons,santoons6s@acquirethisname.com,Female,Structural Engineer
246,Licha,Fearnall,lfearnall6t@bloglovin.com,Female,Web Developer IV
247,Adriaens,Paddington,apaddington6u@biblegateway.com,Female,Nuclear Power Engineer
248,Nap,Brownlea,nbrownlea6v@slideshare.net,Male,Engineer IV
249,Marin,Le Floch,mlefloch6w@ning.com,Female,Media Manager III
250,Erny,Piggford,epiggford6x@blogger.com,Male,Financial Analyst
251,Elliot,Czajka,eczajka6y@elpais.com,Male,Assistant Professor
252,Corabelle,Whetson,cwhetson6z@oracle.com,Female,Office Assistant III
253,Faulkner,Aggs,faggs70@ifeng.com,Male,Marketing Assistant
254,Debee,Jeaffreson,djeaffreson71@privacy.gov.au,Female,Civil Engineer
255,Crichton,Excell,cexcell72@sina.com.cn,Male,Physical Therapy Assistant
256,Mick,Patton,mpatton73@skype.com,Male,Senior Editor
257,Grissel,Weathers,gweathers74@t-online.de,Female,Quality Engineer
258,Rubia,Hatterslay,rhatterslay75@amazon.co.uk,Genderfluid,Librarian
259,Edan,Liepins,eliepins76@cbslocal.com,Male,Assistant Professor
260,Kerrin,Strawbridge,kstrawbridge77@amazon.de,Female,Nurse
261,Emerson,Cometto,ecometto78@fc2.com,Male,Teacher
262,Ax,Roos,aroos79@shutterfly.com,Agender,Environmental Specialist
263,Raymund,Riolfo,rriolfo7a@geocities.jp,Male,Information Systems Manager
264,Gaspar,Brounfield,gbrounfield7b@scientificamerican.com,Male,Operator
265,Celesta,Fredy,cfredy7c@fc2.com,Female,Legal Assistant
266,Othilie,Grinikhinov,ogrinikhinov7d@techcrunch.com,Female,Senior Quality Engineer
267,Thadeus,Macura,tmacura7e@foxnews.com,Male,Automation Specialist I
268,Saba,Boothby,sboothby7f@jimdo.com,Female,Mechanical Systems Engineer
269,Bill,Evensden,bevensden7g@nps.gov,Male,Sales Associate
270,Celestine,Ringham,cringham7h@zdnet.com,Bigender,Accounting Assistant IV
271,Lindy,Beldan,lbeldan7i@blog.com,Male,Payment Adjustment Coordinator
272,Josephine,Frere,jfrere7j@oaic.gov.au,Female,Web Developer IV
273,Lloyd,Exter,lexter7k@i2i.jp,Genderqueer,Computer Systems Analyst II
274,Hunt,Cranch,hcranch7l@vkontakte.ru,Male,Senior Developer
275,Betsy,Muffitt,bmuffitt7m@uol.com.br,Female,Account Representative II
276,Payton,Geaves,pgeaves7n@wordpress.org,Polygender,Assistant Manager
277,Lock,Catonnet,lcatonnet7o@google.nl,Male,Programmer Analyst I
278,Peria,Jeppe,pjeppe7p@berkeley.edu,Genderfluid,Web Developer II
279,Nathalie,Millwater,nmillwater7q@1und1.de,Female,Graphic Designer
280,Andrea,Herries,aherries7r@sitemeter.com,Male,Programmer IV
281,Liva,Crasswell,lcrasswell7s@barnesandnoble.com,Female,Physical Therapy Assistant
282,Stephan,Couvet,scouvet7t@jigsy.com,Male,VP Product Management
283,Ninetta,Maith,nmaith7u@tripod.com,Female,Professor
284,Portia,Nickels,pnickels7v@123-reg.co.uk,Female,Research Associate
285,Selie,Fridlington,sfridlington7w@bbb.org,Female,Data Coordiator
286,Terri,Sartin,tsartin7x@nasa.gov,Female,Data Coordiator
287,Ivy,Bromilow,ibromilow7y@ucoz.ru,Female,Geologist IV
288,Noam,Schaumann,nschaumann7z@weibo.com,Male,Human Resources Manager
289,Minni,Castanyer,mcastanyer80@webnode.com,Female,Geologist I
290,Hugues,Disdel,hdisdel81@wix.com,Male,Web Developer I
291,Chick,Aiken,caiken82@illinois.edu,Male,VP Product Management
292,Jackelyn,Likely,jlikely83@pagesperso-orange.fr,Female,Business Systems Development Analyst
293,Edvard,Niles,eniles84@shareasale.com,Male,GIS Technical Architect
294,Lorilee,Camblin,lcamblin85@va.gov,Female,Assistant Manager
295,Luciano,Dumbar,ldumbar86@last.fm,Male,Technical Writer
296,Humberto,Mitchall,hmitchall87@meetup.com,Male,Systems Administrator IV
297,Dori,Ionn,dionn88@chron.com,Female,Accountant IV
298,Sadella,Peterffy,speterffy89@ucoz.ru,Female,Librarian
299,Trenton,Checo,tcheco8a@apple.com,Bigender,VP Product Management
300,Joyann,Sedgeman,jsedgeman8b@phpbb.com,Female,Assistant Professor
301,Darb,Petican,dpetican8c@globo.com,Male,Data Coordiator
302,Ruthie,McGinnell,rmcginnell8d@tripadvisor.com,Female,VP Marketing
303,Becka,Frizell,bfrizell8e@squarespace.com,Female,Environmental Tech
304,Stewart,Kilkenny,skilkenny8f@prweb.com,Male,Account Executive
305,Gray,Ferfulle,gferfulle8g@skyrock.com,Male,Librarian
306,Bill,Relton,brelton8h@youku.com,Male,Assistant Professor
307,Felike,Calbreath,fcalbreath8i@shop-pro.jp,Male,Engineer II
308,Creigh,Tapenden,ctapenden8j@blinklist.com,Male,Environmental Specialist
309,Berenice,Grave,bgrave8k@china.com.cn,Female,Web Designer III
310,Lorna,Vamplus,lvamplus8l@mozilla.com,Female,Occupational Therapist
311,Iris,Sopp,isopp8m@mapquest.com,Female,Programmer I
312,Demetris,McGoogan,dmcgoogan8n@tmall.com,Female,Professor
313,Shoshanna,Cargenven,scargenven8o@addtoany.com,Female,Computer Systems Analyst IV
314,Barris,Poynser,bpoynser8p@globo.com,Male,Senior Financial Analyst
315,Vivianne,Garken,vgarken8q@yahoo.co.jp,Female,Analog Circuit Design manager
316,Terrence,Ilewicz,tilewicz8r@discovery.com,Male,Software Consultant
317,Bartolomeo,Peasee,bpeasee8s@youku.com,Male,Computer Systems Analyst I
318,Giustina,Tadman,gtadman8t@biblegateway.com,Genderfluid,Help Desk Technician
319,Tessie,Meriel,tmeriel8u@jalbum.net,Female,Junior Executive
320,Birk,Woodrooffe,bwoodrooffe8v@hhs.gov,Male,Chief Design Engineer
321,Cleon,Behling,cbehling8w@java.com,Male,Senior Sales Associate
322,Erwin,Kalb,ekalb8x@army.mil,Male,Engineer II
323,Pansie,Arzu,parzu8y@domainmarket.com,Female,Data Coordiator
324,Kayne,Crut,kcrut8z@xing.com,Genderqueer,Media Manager I
325,Noell,Brodest,nbrodest90@seesaa.net,Female,Budget/Accounting Analyst I
326,Emmit,Prettyjohn,eprettyjohn91@ycombinator.com,Male,Accountant I
327,Damon,Hunsworth,dhunsworth92@illinois.edu,Male,Marketing Assistant
328,Giff,Silbersak,gsilbersak93@wikipedia.org,Male,Staff Accountant I
329,Glyn,Bayford,gbayford94@blogtalkradio.com,Female,Dental Hygienist
330,Iorgo,Sewter,isewter95@examiner.com,Male,Financial Advisor
331,Hinze,Dilleway,hdilleway96@theglobeandmail.com,Male,Structural Analysis Engineer
332,Howie,De Bischop,hdebischop97@pbs.org,Agender,Speech Pathologist
333,Barnett,Curnnokk,bcurnnokk98@etsy.com,Male,Web Developer II
334,Aldo,O'Ferris,aoferris99@adobe.com,Male,Environmental Specialist
335,Ferd,Donaghie,fdonaghie9a@spotify.com,Male,Actuary
336,Raffaello,Lorek,rlorek9b@opera.com,Male,Software Test Engineer I
337,Margette,Buxey,mbuxey9c@ask.com,Female,Engineer III
338,Maurise,Blayney,mblayney9d@nbcnews.com,Male,Programmer Analyst I
339,Tessy,Bader,tbader9e@jimdo.com,Female,Software Consultant
340,Eberto,Douche,edouche9f@kickstarter.com,Male,Human Resources Manager
341,Fiann,Mosson,fmosson9g@bigcartel.com,Female,Professor
342,Padriac,Waryk,pwaryk9h@irs.gov,Male,Administrative Assistant III
343,Cherrita,Danher,cdanher9i@prweb.com,Female,Assistant Manager
344,Major,Swadden,mswadden9j@dropbox.com,Male,Civil Engineer
345,Jonas,Lamberth,jlamberth9k@networkadvertising.org,Male,Teacher
346,Vinnie,Stanlick,vstanlick9l@unc.edu,Female,Civil Engineer
347,Bethena,Kimbury,bkimbury9m@unblog.fr,Female,Administrative Officer
348,Justinian,Keatley,jkeatley9n@freewebs.com,Genderfluid,Geological Engineer
349,Sybila,Guillerman,sguillerman9o@deliciousdays.com,Female,VP Accounting
350,Adrianna,Breese,abreese9p@gnu.org,Bigender,Electrical Engineer
351,Desiree,Grishkov,dgrishkov9q@hostgator.com,Female,Geological Engineer
352,Nealson,Spering,nspering9r@accuweather.com,Male,Legal Assistant
353,Hughie,McDougall,hmcdougall9s@dailymail.co.uk,Male,GIS Technical Architect
354,Johannes,Gerold,jgerold9t@cafepress.com,Male,Engineer IV
355,Gareth,Comazzo,gcomazzo9u@biglobe.ne.jp,Male,Design Engineer
356,Sebastien,Mowat,smowat9v@telegraph.co.uk,Male,Food Chemist
357,Celie,Posten,cposten9w@angelfire.com,Female,Design Engineer
358,Linell,Jagiello,ljagiello9x@rambler.ru,Female,Media Manager I
359,Kris,Loudwell,kloudwell9y@plala.or.jp,Female,Community Outreach Specialist
360,Moselle,Bredgeland,mbredgeland9z@google.com.au,Female,Structural Engineer
361,Walker,Hayworth,whaywortha0@sciencedaily.com,Non-binary,Professor
362,Dominik,Walsh,dwalsha1@cam.ac.uk,Male,Design Engineer
363,Reilly,Lias,rliasa2@samsung.com,Male,Business Systems Development Analyst
364,Othelia,Courtliff,ocourtliffa3@examiner.com,Female,Speech Pathologist
365,Gracie,Curnokk,gcurnokka4@4shared.com,Female,Administrative Assistant I
366,Emmery,Calbrathe,ecalbrathea5@jimdo.com,Male,Registered Nurse
367,Allayne,Vasyutichev,avasyuticheva6@quantcast.com,Male,Paralegal
368,Sidnee,Alner,salnera7@china.com.cn,Male,Dental Hygienist
369,Shea,Meadowcraft,smeadowcrafta8@reddit.com,Male,Analyst Programmer
370,Ludovika,Laboune,llabounea9@surveymonkey.com,Female,Mechanical Systems Engineer
371,Kellie,Rawnsley,krawnsleyaa@icq.com,Genderfluid,Clinical Specialist
372,Raimundo,Busain,rbusainab@wp.com,Male,Community Outreach Specialist
373,Roth,Skinn,rskinnac@elegantthemes.com,Male,Executive Secretary
374,Karla,Claye,kclayead@go.com,Female,Web Designer I
375,Zahara,Straneo,zstraneoae@disqus.com,Female,Programmer III
376,Chick,O'Dowling,codowlingaf@google.ru,Male,Director of Sales
377,Caitlin,Wille,cwilleag@tripadvisor.com,Female,Geologist IV
378,Morris,Ketchaside,mketchasideah@sohu.com,Male,Senior Sales Associate
379,Rory,Perazzo,rperazzoai@1688.com,Male,Chemical Engineer
380,Rhona,Graser,rgraseraj@umich.edu,Female,Electrical Engineer
381,Buckie,Labarre,blabarreak@nba.com,Male,Marketing Manager
382,Korella,Moloney,kmoloneyal@youku.com,Female,Assistant Professor
383,Kippy,Vargas,kvargasam@twitpic.com,Male,Web Developer III
384,Koenraad,Sotham,ksothaman@ucsd.edu,Male,VP Marketing
385,Frederico,Sutty,fsuttyao@about.me,Male,VP Sales
386,Tally,McIlriach,tmcilriachap@cloudflare.com,Male,Legal Assistant
387,Magdalen,Joiris,mjoirisaq@chron.com,Female,Editor
388,Johnath,Cock,jcockar@nydailynews.com,Female,Compensation Analyst
389,Bradly,Dundridge,bdundridgeas@aboutads.info,Male,Junior Executive
390,Bron,Hillen,bhillenat@google.com.hk,Male,Statistician IV
391,Alyosha,Castellanos,acastellanosau@pen.io,Male,Professor
392,Zondra,Hofer,zhoferav@webeden.co.uk,Female,Director of Sales
393,Kial,Bickardike,kbickardikeaw@prweb.com,Female,Food Chemist
394,Poul,Leuty,pleutyax@wisc.edu,Male,Staff Scientist
395,Johanna,Kevis,jkevisay@liveinternet.ru,Genderfluid,Project Manager
396,Jehu,Morrieson,jmorriesonaz@ovh.net,Male,Nurse Practicioner
397,Eileen,Wallett,ewallettb0@nps.gov,Female,Account Coordinator
398,Vivie,Izaks,vizaksb1@ihg.com,Genderfluid,Programmer III
399,Aldis,De la Yglesia,adelayglesiab2@ow.ly,Male,Computer Systems Analyst III
400,Saidee,Fackrell,sfackrellb3@sourceforge.net,Female,Graphic Designer
401,Betsey,Birrell,bbirrellb4@bravesites.com,Female,Director of Sales
402,Crosby,Dixon,cdixonb5@globo.com,Male,VP Sales
403,Yettie,Wybern,ywybernb6@homestead.com,Female,VP Quality Control
404,Dulcine,Degoey,ddegoeyb7@dropbox.com,Agender,Marketing Assistant
405,Cody,Marrion,cmarrionb8@skype.com,Male,Research Associate
406,Seth,Canaan,scanaanb9@goodreads.com,Male,Senior Cost Accountant
407,Marlo,Eaden,meadenba@icq.com,Male,Electrical Engineer
408,Jesselyn,Edmunds,jedmundsbb@mlb.com,Female,Registered Nurse
409,Winifield,Bamber,wbamberbc@uol.com.br,Male,Programmer I
410,Alisander,Tincombe,atincombebd@wikispaces.com,Male,Software Consultant
411,Camellia,Leathes,cleathesbe@uol.com.br,Female,Sales Representative
412,Edi,Vezey,evezeybf@devhub.com,Female,Research Associate
413,Estevan,Guiden,eguidenbg@homestead.com,Genderqueer,Recruiting Manager
414,Binky,Henner,bhennerbh@hatena.ne.jp,Male,Professor
415,Leona,Rainbird,lrainbirdbi@hp.com,Bigender,Pharmacist
416,Heywood,Gilliver,hgilliverbj@blogs.com,Male,Social Worker
417,Slade,Breton,sbretonbk@state.gov,Male,Recruiter
418,Conchita,Clynmans,cclynmansbl@a8.net,Female,Technical Writer
419,Vasily,Gillogley,vgillogleybm@epa.gov,Male,Structural Analysis Engineer
420,Faina,Crocroft,fcrocroftbn@infoseek.co.jp,Female,Marketing Manager
421,Hildagarde,MacLure,hmaclurebo@psu.edu,Female,Environmental Specialist
422,Verne,Galpen,vgalpenbp@marketwatch.com,Male,Programmer Analyst II
423,Nessa,Kingstne,nkingstnebq@tiny.cc,Genderqueer,Marketing Assistant
424,Kristo,Vanyard,kvanyardbr@vinaora.com,Male,Dental Hygienist
425,Jazmin,Chew,jchewbs@theatlantic.com,Female,Librarian
426,Irvine,Reinisch,ireinischbt@netvibes.com,Male,Editor
427,Nicky,Whittle,nwhittlebu@over-blog.com,Male,Help Desk Operator
428,Dalt,Scoles,dscolesbv@eepurl.com,Male,Geologist IV
429,Jaine,Culligan,jculliganbw@nature.com,Female,Dental Hygienist
430,Gabriella,Colbran,gcolbranbx@delicious.com,Female,Editor
431,Gilles,Alessandone,galessandoneby@nymag.com,Male,Help Desk Technician
432,Norman,Corderoy,ncorderoybz@nps.gov,Genderqueer,Community Outreach Specialist
433,Melonie,Skoyles,mskoylesc0@mozilla.com,Female,Operator
434,Eadmund,Sullly,esulllyc1@about.me,Male,Sales Representative
435,Bary,Kimbley,bkimbleyc2@pinterest.com,Male,Junior Executive
436,Augie,Markovic,amarkovicc3@google.com.hk,Agender,GIS Technical Architect
437,Baudoin,Sames,bsamesc4@xinhuanet.com,Male,Electrical Engineer
438,Rosalia,McGragh,rmcgraghc5@jalbum.net,Female,Desktop Support Technician
439,Bernhard,Robichon,brobichonc6@ow.ly,Male,Librarian
440,Ailis,de Quesne,adequesnec7@mayoclinic.com,Female,Senior Quality Engineer
441,Darn,Fenemore,dfenemorec8@chronoengine.com,Male,Safety Technician III
442,Maddy,Wapplington,mwapplingtonc9@surveymonkey.com,Female,Budget/Accounting Analyst I
443,Teddy,Morter,tmorterca@smugmug.com,Male,Media Manager I
444,Mile,Drance,mdrancecb@google.es,Male,Legal Assistant
445,Hillier,Hurdwell,hhurdwellcc@istockphoto.com,Male,Developer I
446,Zeb,Ferneyhough,zferneyhoughcd@timesonline.co.uk,Male,Programmer Analyst III
447,Darya,Rivilis,drivilisce@uiuc.edu,Female,Account Representative IV
448,Phaidra,Cromly,pcromlycf@yahoo.co.jp,Female,Assistant Professor
449,Lara,Frye,lfryecg@xrea.com,Female,Operator
450,Tomlin,Addlestone,taddlestonech@loc.gov,Male,Web Designer II
451,Truman,Battye,tbattyeci@gov.uk,Male,Staff Accountant II
452,Berky,Tettley,btettleycj@youtu.be,Male,Senior Editor
453,Willie,Amsberger,wamsbergerck@usa.gov,Male,Office Assistant II
454,Tadeas,Firmin,tfirmincl@timesonline.co.uk,Male,Software Test Engineer IV
455,Nicolle,Ambrogetti,nambrogetticm@studiopress.com,Female,Junior Executive
456,Thorndike,Edgell,tedgellcn@youtube.com,Male,Compensation Analyst
457,Rasia,Celier,rcelierco@hugedomains.com,Female,Media Manager II
458,Clemmie,Biggs,cbiggscp@bluehost.com,Male,Librarian
459,Wolfy,Stroud,wstroudcq@nih.gov,Male,Legal Assistant
460,Boniface,Sondon,bsondoncr@wunderground.com,Male,Product Engineer
461,Nata,Crown,ncrowncs@icio.us,Female,Project Manager
462,Saloma,O'Donoghue,sodonoghuect@ycombinator.com,Female,Financial Analyst
463,Dora,Kilgallon,dkilgalloncu@gizmodo.com,Female,General Manager
464,Bibi,Mellanby,bmellanbycv@prweb.com,Genderqueer,Geological Engineer
465,Alfredo,Huchot,ahuchotcw@ow.ly,Polygender,Social Worker
466,Margarethe,Evers,meverscx@si.edu,Polygender,Business Systems Development Analyst
467,Dyanna,Southcomb,dsouthcombcy@who.int,Genderqueer,Research Nurse
468,Al,Harold,aharoldcz@friendfeed.com,Genderqueer,Administrative Officer
469,Pedro,Reedie,preedied0@hud.gov,Male,Librarian
470,Lynn,Lequeux,llequeuxd1@usatoday.com,Female,Senior Quality Engineer
471,Wiley,Cheesley,wcheesleyd2@g.co,Male,Teacher
472,Ayn,Ferrick,aferrickd3@twitpic.com,Female,Sales Associate
473,Belinda,Arbon,barbond4@cyberchimps.com,Female,Recruiter
474,Kerk,Cahillane,kcahillaned5@bbc.co.uk,Male,Accounting Assistant II
475,Boot,Soutter,bsoutterd6@bing.com,Male,Dental Hygienist
476,Melva,Lightbody,mlightbodyd7@blogtalkradio.com,Female,Database Administrator I
477,Theodor,Emanueli,temanuelid8@live.com,Male,Dental Hygienist
478,Fonzie,Marion,fmariond9@etsy.com,Male,Senior Editor
479,Irene,Stollwerck,istollwerckda@sogou.com,Bigender,Registered Nurse
480,Marge,Diment,mdimentdb@upenn.edu,Female,Biostatistician II
481,Camala,Thoumas,cthoumasdc@howstuffworks.com,Female,Computer Systems Analyst IV
482,Omar,Wash,owashdd@java.com,Male,GIS Technical Architect
483,Hanson,Dabernott,hdabernottde@ibm.com,Male,Accounting Assistant I
484,Winifield,Dobeson,wdobesondf@sun.com,Male,Engineer I
485,Johannes,Totterdell,jtotterdelldg@businessinsider.com,Male,Physical Therapy Assistant
486,Marsiella,Flawith,mflawithdh@aboutads.info,Female,Office Assistant III
487,Boothe,Stoeck,bstoeckdi@cpanel.net,Male,GIS Technical Architect
488,Emilia,Redholls,eredhollsdj@issuu.com,Female,Safety Technician I
489,Ezra,Sturgess,esturgessdk@google.com.au,Male,VP Accounting
490,Doe,Ollenbuttel,dollenbutteldl@myspace.com,Female,Nurse Practicioner
491,Betsy,Cominotti,bcominottidm@miitbeian.gov.cn,Female,Assistant Professor
492,Ruperta,Barthram,rbarthramdn@twitpic.com,Female,Pharmacist
493,Hyacinthie,Cowerd,hcowerddo@e-recht24.de,Female,Web Developer I
494,Jackson,Archley,jarchleydp@nps.gov,Male,Analog Circuit Design manager
495,Ranice,MacChaell,rmacchaelldq@yolasite.com,Female,Dental Hygienist
496,Gertruda,Leasor,gleasordr@cafepress.com,Female,Graphic Designer
497,Conn,McKeevers,cmckeeversds@sfgate.com,Male,Chief Design Engineer
498,Nady,Rix,nrixdt@sun.com,Genderqueer,Technical Writer
499,Wain,Feasby,wfeasbydu@deliciousdays.com,Male,Registered Nurse
500,Julie,Dumberell,jdumberelldv@rambler.ru,Genderqueer,Systems Administrator I
501,Kliment,Sheaf,ksheafdw@ebay.co.uk,Male,Human Resources Manager
502,Gail,Hackett,ghackettdx@shutterfly.com,Female,Librarian
503,Hendrik,Versey,hverseydy@goo.ne.jp,Male,Administrative Assistant III
504,Gerhardt,Ladbury,gladburydz@angelfire.com,Male,VP Sales
505,Madelon,Barff,mbarffe0@mozilla.org,Female,Operator
506,Suki,Demicoli,sdemicolie1@mail.ru,Female,Account Coordinator
507,Marje,Birkinshaw,mbirkinshawe2@godaddy.com,Female,Chemical Engineer
508,Adham,Plumley,aplumleye3@usda.gov,Male,Nurse
509,Enrica,Starbeck,estarbecke4@irs.gov,Female,Clinical Specialist
510,Chevy,Crotty,ccrottye5@spotify.com,Genderqueer,Payment Adjustment Coordinator
511,Arabella,Siddell,asiddelle6@omniture.com,Agender,Accountant I
512,Wylie,Drew,wdrewe7@blinklist.com,Male,Dental Hygienist
513,Rena,Finnis,rfinnise8@google.ru,Female,Research Nurse
514,Diahann,Spinage,dspinagee9@youtube.com,Female,Staff Scientist
515,Arni,Symmers,asymmersea@amazon.co.uk,Male,Pharmacist
516,Clare,Mark,cmarkeb@ezinearticles.com,Genderqueer,Nuclear Power Engineer
517,Staffard,Ebbetts,sebbettsec@360.cn,Male,Staff Scientist
518,Arlyn,Erington,aeringtoned@wired.com,Female,Chemical Engineer
519,Aristotle,Douberday,adouberdayee@redcross.org,Male,Human Resources Manager
520,Christoforo,Avo,cavoef@parallels.com,Male,Research Associate
521,Karilynn,Klejna,kklejnaeg@buzzfeed.com,Genderqueer,Social Worker
522,Hamnet,Brownlea,hbrownleaeh@clickbank.net,Male,Staff Scientist
523,Rona,Daffern,rdaffernei@dot.gov,Female,Marketing Assistant
524,Bennie,Cainey,bcaineyej@sitemeter.com,Female,Administrative Officer
525,Noah,Shepherd,nshepherdek@creativecommons.org,Male,Programmer IV
526,Sumner,Velten,sveltenel@wikipedia.org,Male,Food Chemist
527,Daren,Clousley,dclousleyem@accuweather.com,Male,General Manager
528,Dorise,Cancelier,dcancelieren@usnews.com,Female,Food Chemist
529,Claribel,Wankel,cwankeleo@state.gov,Female,Design Engineer
530,Booth,Edlin,bedlinep@creativecommons.org,Male,Food Chemist
531,Hedda,O'Caine,hocaineeq@unesco.org,Female,Senior Sales Associate
532,Idell,Hurtic,ihurticer@cnn.com,Female,Environmental Specialist
533,Dana,Edowes,dedoweses@tinyurl.com,Male,Structural Analysis Engineer
534,Berta,Brimelow,bbrimelowet@statcounter.com,Female,VP Sales
535,Samara,Yurevich,syurevicheu@nbcnews.com,Female,Financial Advisor
536,Hortensia,Orwell,horwellev@fc2.com,Agender,Information Systems Manager
537,Rosalind,MacBarron,rmacbarronew@shop-pro.jp,Female,Pharmacist
538,Humfrey,Ryan,hryanex@mysql.com,Male,Tax Accountant
539,Pembroke,Guirardin,pguirardiney@ocn.ne.jp,Male,Office Assistant III
540,Durant,Honatsch,dhonatschez@com.com,Male,Quality Engineer
541,Christie,Mannix,cmannixf0@wikispaces.com,Male,Occupational Therapist
542,Sunny,Boribal,sboribalf1@last.fm,Female,Quality Control Specialist
543,Langsdon,Bramelt,lbrameltf2@bloglines.com,Male,Accounting Assistant IV
544,Norman,Ioan,nioanf3@utexas.edu,Male,Environmental Specialist
545,Zachary,Coombs,zcoombsf4@phpbb.com,Male,Programmer Analyst IV
546,Forrester,Seakin,fseakinf5@youtu.be,Male,Sales Associate
547,Shellysheldon,Nare,snaref6@ucla.edu,Male,Senior Financial Analyst
548,Ernest,MacGraith,emacgraithf7@spiegel.de,Male,Software Consultant
549,Abdel,Westby,awestbyf8@soundcloud.com,Male,Cost Accountant
550,Cassandry,Gruczka,cgruczkaf9@mozilla.com,Female,Technical Writer
551,Efrem,Cecere,ececerefa@is.gd,Male,Software Test Engineer II
552,Brandy,McCartan,bmccartanfb@mtv.com,Male,Analog Circuit Design manager
553,Jackie,Ruggieri,jruggierifc@discovery.com,Male,Senior Editor
554,Cinda,Basden,cbasdenfd@umich.edu,Female,Mechanical Systems Engineer
555,Nehemiah,De Mattia,ndemattiafe@sbwire.com,Male,VP Quality Control
556,Erena,Stidworthy,estidworthyff@hud.gov,Female,Recruiter
557,Marysa,Tours,mtoursfg@theglobeandmail.com,Female,Research Nurse
558,Dugald,Blakebrough,dblakebroughfh@unesco.org,Male,Graphic Designer
559,Gran,Fairy,gfairyfi@msu.edu,Male,Software Test Engineer III
560,Marcelo,Ainge,maingefj@qq.com,Male,Accountant III
561,Alphonse,Tozer,atozerfk@springer.com,Male,Accounting Assistant III
562,Peadar,McPhilip,pmcphilipfl@comsenz.com,Male,Assistant Media Planner
563,Willy,Alexsandrovich,walexsandrovichfm@huffingtonpost.com,Female,VP Sales
564,Thorny,Rotge,trotgefn@china.com.cn,Male,Director of Sales
565,Susette,Cawthra,scawthrafo@biglobe.ne.jp,Female,Computer Systems Analyst III
566,Eolande,Weekes,eweekesfp@goo.gl,Female,Administrative Assistant II
567,Carlos,Bulman,cbulmanfq@disqus.com,Male,Chemical Engineer
568,Audrey,Paramore,aparamorefr@hao123.com,Female,Chemical Engineer
569,Nikaniki,Wyldes,nwyldesfs@ycombinator.com,Female,Electrical Engineer
570,Alexander,Dericut,adericutft@homestead.com,Male,Engineer I
571,Ransom,Thurner,rthurnerfu@bloomberg.com,Male,Recruiter
572,Leonard,Baines,lbainesfv@sohu.com,Male,Senior Developer
573,Krissie,Pilgrim,kpilgrimfw@redcross.org,Female,Quality Engineer
574,Amitie,Damato,adamatofx@canalblog.com,Female,Nuclear Power Engineer
575,Aurthur,Bisley,abisleyfy@netlog.com,Male,Desktop Support Technician
576,Tammy,Graybeal,tgraybealfz@paypal.com,Male,Programmer Analyst I
577,Jo,Cisar,jcisarg0@mysql.com,Female,Marketing Manager
578,Thom,Skrines,tskrinesg1@ycombinator.com,Male,Budget/Accounting Analyst II
579,Kassia,Banville,kbanvilleg2@livejournal.com,Female,Budget/Accounting Analyst IV
580,Ophelie,Heaford,oheafordg3@usatoday.com,Female,Budget/Accounting Analyst IV
581,Sasha,Gockelen,sgockeleng4@mac.com,Female,Quality Engineer
582,Viviyan,Bemand,vbemandg5@nydailynews.com,Female,General Manager
583,Chrisy,Bilbery,cbilberyg6@bbb.org,Male,Mechanical Systems Engineer
584,Roch,Emptage,remptageg7@tuttocitta.it,Female,Business Systems Development Analyst
585,Loni,Scopham,lscophamg8@princeton.edu,Female,Environmental Specialist
586,Bogey,Ganforth,bganforthg9@samsung.com,Male,Associate Professor
587,Cos,Coatham,ccoathamga@purevolume.com,Male,Internal Auditor
588,Budd,Gransden,bgransdengb@cornell.edu,Male,Statistician IV
589,Grissel,Daugherty,gdaughertygc@samsung.com,Female,Web Developer IV
590,Bar,Rumens,brumensgd@timesonline.co.uk,Male,Account Representative II
591,Sashenka,Hovenden,shovendenge@state.tx.us,Female,Social Worker
592,Garfield,Fincham,gfinchamgf@51.la,Male,Health Coach IV
593,Jack,Emloch,jemlochgg@google.pl,Male,Analog Circuit Design manager
594,Ira,Loyd,iloydgh@smh.com.au,Male,Developer III
595,Stillmann,O'Connell,soconnellgi@soundcloud.com,Bigender,Developer III
596,Horacio,Cirlos,hcirlosgj@360.cn,Male,Social Worker
597,Lorain,Schooley,lschooleygk@list-manage.com,Female,Human Resources Manager
598,Kerianne,Mordue,kmorduegl@sphinn.com,Female,Clinical Specialist
599,Sharline,Hateley,shateleygm@rambler.ru,Female,Recruiter
600,Merl,Dowdall,mdowdallgn@opensource.org,Female,Professor
601,Coraline,Severns,csevernsgo@blog.com,Female,Graphic Designer
602,Keelby,Douce,kdoucegp@time.com,Male,Mechanical Systems Engineer
603,Gaby,Domesday,gdomesdaygq@elpais.com,Female,Librarian
604,Toni,Gaynor,tgaynorgr@goo.ne.jp,Female,Financial Analyst
605,Anna-diane,Musker,amuskergs@dropbox.com,Female,Sales Representative
606,Jerrie,Woolvett,jwoolvettgt@ca.gov,Female,Help Desk Operator
607,Leicester,Rosi,lrosigu@ca.gov,Male,Teacher
608,Lyndell,Dumper,ldumpergv@stanford.edu,Female,Software Test Engineer II
609,Itch,Perview,iperviewgw@about.me,Male,Geological Engineer
610,Elinor,Cockerill,ecockerillgx@phoca.cz,Female,Professor
611,Ganny,Glendza,gglendzagy@hud.gov,Male,Environmental Tech
612,Maud,Lyle,mlylegz@vimeo.com,Female,General Manager
613,Filmore,Cucuzza,fcucuzzah0@mapy.cz,Male,Operator
614,Belva,Ticic,bticich1@slashdot.org,Female,Senior Cost Accountant
615,Feliza,Klaff,fklaffh2@php.net,Female,Dental Hygienist
616,Ulric,Durnell,udurnellh3@cbsnews.com,Male,Research Associate
617,Babs,Elsegood,belsegoodh4@cargocollective.com,Female,Food Chemist
618,Freddie,Ransley,fransleyh5@timesonline.co.uk,Male,Developer IV
619,Felix,Ely,felyh6@sogou.com,Male,Assistant Professor
620,Ellwood,Yong,eyongh7@gravatar.com,Male,Mechanical Systems Engineer
621,Carny,Helks,chelksh8@ask.com,Male,Geologist III
622,Karia,Duffan,kduffanh9@newyorker.com,Female,Sales Associate
623,Brig,Segoe,bsegoeha@amazonaws.com,Male,Administrative Assistant II
624,Risa,Matchitt,rmatchitthb@jalbum.net,Genderqueer,Human Resources Assistant IV
625,Antons,Oldford,aoldfordhc@booking.com,Male,Payment Adjustment Coordinator
626,Tresa,Float,tfloathd@howstuffworks.com,Female,Editor
627,Lil,Gallafant,lgallafanthe@cbc.ca,Genderfluid,Senior Quality Engineer
628,Engelbert,Tolefree,etolefreehf@4shared.com,Bigender,Help Desk Technician
629,Lenna,Foldes,lfoldeshg@scientificamerican.com,Bigender,Compensation Analyst
630,Shandeigh,Lamzed,slamzedhh@skyrock.com,Female,Executive Secretary
631,Augie,Wiburn,awiburnhi@psu.edu,Male,Senior Sales Associate
632,Jayson,McKeighan,jmckeighanhj@springer.com,Male,Media Manager I
633,Chery,Czajka,cczajkahk@reference.com,Female,Desktop Support Technician
634,Reggie,January,rjanuaryhl@dion.ne.jp,Male,GIS Technical Architect
635,Elwood,Bickers,ebickershm@google.com.br,Male,Chief Design Engineer
636,Padraig,Winspeare,pwinspearehn@nih.gov,Male,Environmental Specialist
637,Mortimer,Mechi,mmechiho@yahoo.com,Male,Recruiter
638,Kelbee,Saffin,ksaffinhp@pinterest.com,Male,Paralegal
639,Dmitri,Crop,dcrophq@ox.ac.uk,Male,Graphic Designer
640,Hobey,Wickardt,hwickardthr@washington.edu,Male,Help Desk Technician
641,Edgardo,Espino,eespinohs@craigslist.org,Male,Director of Sales
642,Othelia,Teece,oteeceht@xrea.com,Female,Senior Developer
643,Stuart,Podd,spoddhu@senate.gov,Male,Internal Auditor
644,Jereme,MacLese,jmaclesehv@storify.com,Male,VP Sales
645,Goran,Pavluk,gpavlukhw@privacy.gov.au,Male,Financial Advisor
646,Loren,Gibbetts,lgibbettshx@example.com,Male,Accountant IV
647,Hendrick,Arp,harphy@stanford.edu,Male,Desktop Support Technician
648,Willy,Delacroux,wdelacrouxhz@ezinearticles.com,Male,Developer III
649,Fairlie,Scemp,fscempi0@census.gov,Male,Programmer Analyst IV
650,Hercules,Faucherand,hfaucherandi1@icq.com,Male,Librarian
651,Lorne,Brandsen,lbrandseni2@economist.com,Male,Budget/Accounting Analyst III
652,Nikola,McLaine,nmclainei3@i2i.jp,Male,Legal Assistant
653,Kat,Chasemoore,kchasemoorei4@msn.com,Female,GIS Technical Architect
654,Dare,Berthelet,dbertheleti5@narod.ru,Male,Automation Specialist I
655,Ned,Rides,nridesi6@1und1.de,Male,Tax Accountant
656,Evonne,Fleetham,efleethami7@discuz.net,Agender,Geological Engineer
657,Shelden,Novotni,snovotnii8@sciencedaily.com,Polygender,Help Desk Operator
658,Gregorio,Tofano,gtofanoi9@t.co,Male,Office Assistant III
659,Rollins,Brough,rbroughia@reference.com,Male,Recruiter
660,Maddie,Van Der Weedenburg,mvanderweedenburgib@cocolog-nifty.com,Male,Clinical Specialist
661,Roi,Habberjam,rhabberjamic@acquirethisname.com,Polygender,Chief Design Engineer
662,Waylen,Scutcheon,wscutcheonid@unc.edu,Male,Senior Cost Accountant
663,Travers,Halbeard,thalbeardie@yolasite.com,Genderqueer,GIS Technical Architect
664,Isabella,Huett,ihuettif@nps.gov,Female,Compensation Analyst
665,Birk,Binner,bbinnerig@feedburner.com,Male,Staff Accountant I
666,Binnie,Follacaro,bfollacaroih@people.com.cn,Female,Senior Quality Engineer
667,Pierson,Litherland,plitherlandii@surveymonkey.com,Male,Help Desk Technician
668,York,Spratley,yspratleyij@icq.com,Male,Programmer Analyst I
669,Micky,Abry,mabryik@telegraph.co.uk,Female,Software Test Engineer III
670,Tarrance,Shatliff,tshatliffil@cnet.com,Male,Desktop Support Technician
671,Victoir,Raffels,vraffelsim@last.fm,Agender,Assistant Professor
672,Rolland,Lightwood,rlightwoodin@cnbc.com,Male,Analyst Programmer
673,Daryl,Kachel,dkachelio@cloudflare.com,Male,Financial Analyst
674,Robbie,Brecknall,rbrecknallip@weibo.com,Male,Product Engineer
675,Tabatha,Nussey,tnusseyiq@nifty.com,Female,Cost Accountant
676,Corey,Spray,csprayir@skype.com,Male,Nuclear Power Engineer
677,Loella,Domini,ldominiis@twitter.com,Female,Nurse
678,Otis,Housam,ohousamit@drupal.org,Male,Budget/Accounting Analyst IV
679,Norton,Tavinor,ntavinoriu@tinypic.com,Male,Sales Associate
680,Josiah,Propper,jpropperiv@feedburner.com,Bigender,Staff Accountant II
681,Koressa,Ponton,kpontoniw@desdev.cn,Female,Legal Assistant
682,Sharline,Worling,sworlingix@shutterfly.com,Female,Account Coordinator
683,Vilhelmina,Leverette,vleveretteiy@dagondesign.com,Female,Account Coordinator
684,Germain,Dallinder,gdallinderiz@hugedomains.com,Male,Senior Sales Associate
685,Fransisco,Dericut,fdericutj0@upenn.edu,Male,Civil Engineer
686,Fidel,Gaukroger,fgaukrogerj1@bbc.co.uk,Male,Financial Analyst
687,Maryjane,Cammocke,mcammockej2@sina.com.cn,Female,Pharmacist
688,Christiano,Gietz,cgietzj3@howstuffworks.com,Male,VP Accounting
689,Dexter,Kener,dkenerj4@goodreads.com,Male,Statistician I
690,Hadleigh,Torra,htorraj5@loc.gov,Male,Accountant III
691,Gabriel,Tooting,gtootingj6@intel.com,Male,Technical Writer
692,Florida,Daniele,fdanielej7@intel.com,Female,Account Executive
693,Chas,Bummfrey,cbummfreyj8@yandex.ru,Male,Actuary
694,Miles,Infante,minfantej9@geocities.com,Male,Structural Analysis Engineer
695,Ambrosius,Shaplin,ashaplinja@xing.com,Male,Software Consultant
696,Jourdain,Brunel,jbruneljb@goo.ne.jp,Male,Web Designer III
697,Tate,Syddie,tsyddiejc@instagram.com,Male,Assistant Professor
698,Dru,Burbury,dburburyjd@bbc.co.uk,Male,Account Coordinator
699,Henrietta,Winterson,hwintersonje@theguardian.com,Female,Account Coordinator
700,Nilson,Barfoot,nbarfootjf@ebay.com,Male,Internal Auditor
701,Kipper,oldey,koldeyjg@shareasale.com,Male,Environmental Specialist
702,Ricki,Lindhe,rlindhejh@1688.com,Female,Account Coordinator
703,Loree,Simkins,lsimkinsji@pbs.org,Female,VP Quality Control
704,Rodrigo,Paradyce,rparadycejj@cbc.ca,Male,Staff Scientist
705,Osbert,Berresford,oberresfordjk@eepurl.com,Male,Geologist III
706,Kip,Harty,khartyjl@discovery.com,Male,Internal Auditor
707,Raf,Mallion,rmallionjm@smugmug.com,Female,Information Systems Manager
708,Kahaleel,Garrioch,kgarriochjn@oracle.com,Male,Environmental Specialist
709,Jacob,Broadbridge,jbroadbridgejo@archive.org,Male,Software Engineer III
710,Gill,Kinneir,gkinneirjp@comcast.net,Male,Civil Engineer
711,Robbin,De Ortega,rdeortegajq@eventbrite.com,Female,Structural Analysis Engineer
712,Nowell,Sissot,nsissotjr@hc360.com,Male,Staff Accountant IV
713,Lynn,Lyenyng,llyenyngjs@nationalgeographic.com,Male,Marketing Assistant
714,Rockey,Scupham,rscuphamjt@github.com,Male,Health Coach IV
715,Armand,Aviss,aavissju@miitbeian.gov.cn,Male,Web Designer III
716,Iona,Le Blond,ileblondjv@sbwire.com,Female,Actuary
717,Trudie,Dannehl,tdannehljw@ftc.gov,Female,Web Designer III
718,Wald,Tuffrey,wtuffreyjx@cafepress.com,Male,Web Designer III
719,Carole,Etteridge,cetteridgejy@newyorker.com,Bigender,Senior Sales Associate
720,Marchall,Foye,mfoyejz@ezinearticles.com,Male,Technical Writer
721,Rick,Lusgdin,rlusgdink0@godaddy.com,Male,Occupational Therapist
722,Walsh,Toor,wtoork1@spotify.com,Male,Senior Developer
723,Eberhard,Giacobillo,egiacobillok2@businessinsider.com,Male,Nurse Practicioner
724,Myrtie,Holgan,mholgank3@unc.edu,Female,Financial Analyst
725,Rickey,Moneypenny,rmoneypennyk4@zimbio.com,Male,Marketing Assistant
726,Frants,Burnep,fburnepk5@domainmarket.com,Male,Quality Control Specialist
727,Tedi,Elcomb,telcombk6@lycos.com,Female,Budget/Accounting Analyst III
728,Thebault,Burg,tburgk7@storify.com,Male,Systems Administrator I
729,Dennie,Hamstead,dhamsteadk8@imageshack.us,Male,Senior Quality Engineer
730,Marianne,Tort,mtortk9@forbes.com,Female,Junior Executive
731,Maggy,Watsam,mwatsamka@omniture.com,Female,Director of Sales
732,Skippy,Edgson,sedgsonkb@cbsnews.com,Male,Chemical Engineer
733,Issi,Yonge,iyongekc@g.co,Genderqueer,Staff Accountant II
734,Joycelin,Seamarke,jseamarkekd@xinhuanet.com,Female,GIS Technical Architect
735,Aviva,Beaconsall,abeaconsallke@ca.gov,Female,Systems Administrator II
736,Charlena,Speir,cspeirkf@storify.com,Genderqueer,Automation Specialist I
737,Reuben,Picardo,rpicardokg@ask.com,Male,Teacher
738,Kinsley,Croal,kcroalkh@zimbio.com,Male,Nurse Practicioner
739,Genna,Edgeworth,gedgeworthki@java.com,Female,Community Outreach Specialist
740,Harold,Fasham,hfashamkj@pagesperso-orange.fr,Agender,VP Accounting
741,Mathe,McFeate,mmcfeatekk@stanford.edu,Male,General Manager
742,Chrystal,Rignold,crignoldkl@google.co.uk,Female,Associate Professor
743,Wendye,Kew,wkewkm@networkadvertising.org,Female,Human Resources Assistant I
744,Ernie,Pryke,eprykekn@simplemachines.org,Male,Assistant Professor
745,Aurelia,Fitzer,afitzerko@etsy.com,Female,Computer Systems Analyst III
746,Roxanne,Verey,rvereykp@ucsd.edu,Female,Junior Executive
747,Allyson,O' Molan,aomolankq@chron.com,Female,Operator
748,Lorain,Haville,lhavillekr@dagondesign.com,Female,Geologist III
749,Alva,Leathart,aleathartks@indiegogo.com,Male,Pharmacist
750,Susana,McGrill,smcgrillkt@bbc.co.uk,Genderfluid,Senior Financial Analyst
751,Emalia,Syalvester,esyalvesterku@youtube.com,Female,GIS Technical Architect
752,Gertrudis,Breznovic,gbreznovickv@latimes.com,Female,Senior Sales Associate
753,Tan,Woolf,twoolfkw@slideshare.net,Male,Structural Analysis Engineer
754,Basilius,Handman,bhandmankx@yahoo.com,Bigender,Librarian
755,Cassondra,Biaggi,cbiaggiky@intel.com,Female,Graphic Designer
756,Angelico,Mullally,amullallykz@nymag.com,Male,Analog Circuit Design manager
757,Agnella,Henworth,ahenworthl0@cbc.ca,Female,VP Accounting
758,Carter,Brangan,cbranganl1@smh.com.au,Male,Environmental Tech
759,Evania,Pelzer,epelzerl2@engadget.com,Female,Account Representative III
760,Nikolia,Kydd,nkyddl3@businesswire.com,Female,Senior Financial Analyst
761,Rocky,Escott,rescottl4@joomla.org,Male,Information Systems Manager
762,Janie,Mallia,jmallial5@cocolog-nifty.com,Female,Recruiter
763,Conny,Stark,cstarkl6@webmd.com,Male,Associate Professor
764,Amara,Wilshin,awilshinl7@de.vu,Agender,Pharmacist
765,Eldridge,Atkins,eatkinsl8@disqus.com,Male,Systems Administrator IV
766,Ted,Parram,tparraml9@goo.ne.jp,Male,Web Designer II
767,Blancha,Featenby,bfeatenbyla@reddit.com,Female,VP Sales
768,Crissie,Twomey,ctwomeylb@google.it,Female,Environmental Specialist
769,Collen,Dandison,cdandisonlc@paypal.com,Female,Office Assistant II
770,Fields,Tott,ftottld@pbs.org,Genderqueer,Desktop Support Technician
771,Dorris,Woodlands,dwoodlandsle@twitter.com,Female,VP Quality Control
772,Zilvia,Neary,znearylf@com.com,Female,Product Engineer
773,Kerry,Tattersall,ktattersalllg@businesswire.com,Female,Paralegal
774,Persis,Dubbin,pdubbinlh@go.com,Female,Marketing Assistant
775,Toby,Tomlinson,ttomlinsonli@cnn.com,Male,Dental Hygienist
776,Baillie,Broomfield,bbroomfieldlj@printfriendly.com,Male,Nurse
777,Kristoforo,O'Dunniom,kodunniomlk@va.gov,Male,Account Representative I
778,Tracy,McGreil,tmcgreilll@yellowpages.com,Female,Nuclear Power Engineer
779,Ethyl,Hacket,ehacketlm@dagondesign.com,Female,Analog Circuit Design manager
780,Emylee,Fischer,efischerln@creativecommons.org,Female,Accounting Assistant I
781,Rawley,Birckmann,rbirckmannlo@altervista.org,Male,VP Product Management
782,Sergeant,Fontin,sfontinlp@over-blog.com,Male,VP Sales
783,Benedikta,Livingstone,blivingstonelq@marriott.com,Female,Web Designer II
784,Penni,Falck,pfalcklr@taobao.com,Female,Community Outreach Specialist
785,Hanson,Deroche,hderochels@free.fr,Non-binary,Recruiter
786,Carlyn,Todaro,ctodarolt@gizmodo.com,Female,Executive Secretary
787,Van,Sharma,vsharmalu@geocities.com,Male,Human Resources Assistant II
788,Katharine,Andreasen,kandreasenlv@google.es,Female,Administrative Officer
789,Marchall,Midford,mmidfordlw@msn.com,Male,Geological Engineer
790,Calla,Jone,cjonelx@reddit.com,Female,Budget/Accounting Analyst I
791,Guilbert,Puckey,gpuckeyly@gizmodo.com,Male,Research Nurse
792,Georgette,Kamienski,gkamienskilz@istockphoto.com,Female,Help Desk Technician
793,Freeland,Bernardes,fbernardesm0@booking.com,Male,Product Engineer
794,Caleb,Perford,cperfordm1@geocities.com,Male,Statistician III
795,Madelle,Cashin,mcashinm2@rakuten.co.jp,Female,Systems Administrator III
796,Parke,Gaven,pgavenm3@yolasite.com,Male,Office Assistant IV
797,Nicolais,Solley,nsolleym4@multiply.com,Agender,Human Resources Assistant I
798,Iain,Konerding,ikonerdingm5@acquirethisname.com,Male,Clinical Specialist
799,Joanna,Gotcliffe,jgotcliffem6@about.me,Female,Statistician III
800,Sayre,Suddock,ssuddockm7@spiegel.de,Male,Marketing Manager
801,Shepard,Corre,scorrem8@wsj.com,Male,Assistant Media Planner
802,Scott,Guenther,sguentherm9@reverbnation.com,Male,Technical Writer
803,Kelsey,Zecchinii,kzecchiniima@delicious.com,Female,Senior Cost Accountant
804,Hilary,Antowski,hantowskimb@squidoo.com,Male,Structural Analysis Engineer
805,Maible,Osbourn,mosbournmc@stanford.edu,Agender,Help Desk Operator
806,Rosemonde,Lilion,rlilionmd@istockphoto.com,Female,Clinical Specialist
807,Benjy,Haldenby,bhaldenbyme@wiley.com,Male,Software Test Engineer I
808,Darby,Baldcock,dbaldcockmf@reuters.com,Male,Design Engineer
809,Giordano,Manjot,gmanjotmg@php.net,Male,VP Quality Control
810,Malachi,Gooms,mgoomsmh@hexun.com,Male,Nurse
811,Gussie,Elvy,gelvymi@chronoengine.com,Female,Occupational Therapist
812,Glen,Arnull,garnullmj@amazon.com,Male,Payment Adjustment Coordinator
813,Hildegaard,Portal,hportalmk@admin.ch,Female,Programmer Analyst II
814,Lynn,Klaus,lklausml@ehow.com,Female,Human Resources Manager
815,Vinnie,Stranks,vstranksmm@census.gov,Male,Business Systems Development Analyst
816,Lonnard,Quiddington,lquiddingtonmn@tmall.com,Male,Computer Systems Analyst IV
817,Else,Sloane,esloanemo@umich.edu,Non-binary,Help Desk Operator
818,Laird,Fido,lfidomp@multiply.com,Male,Analog Circuit Design manager
819,Cordey,Snoxall,csnoxallmq@time.com,Female,Database Administrator III
820,Konstantine,Gypson,kgypsonmr@histats.com,Male,Community Outreach Specialist
821,Rusty,Summerly,rsummerlyms@behance.net,Male,Director of Sales
822,Gerrie,Mavin,gmavinmt@abc.net.au,Female,Librarian
823,Dario,Cholmondeley,dcholmondeleymu@google.pl,Male,Teacher
824,Sara-ann,Claffey,sclaffeymv@engadget.com,Female,Human Resources Manager
825,Al,Tossell,atossellmw@usnews.com,Male,Civil Engineer
826,Kaleena,Gilfoyle,kgilfoylemx@reverbnation.com,Genderqueer,GIS Technical Architect
827,Loreen,Narraway,lnarrawaymy@addthis.com,Female,Software Test Engineer I
828,Olin,Corkill,ocorkillmz@howstuffworks.com,Male,Administrative Officer
829,Ricard,Vidyapin,rvidyapinn0@pagesperso-orange.fr,Polygender,Food Chemist
830,Kimbra,Egel,kegeln1@creativecommons.org,Female,Compensation Analyst
831,Kenton,Maytom,kmaytomn2@omniture.com,Male,Financial Advisor
832,Foss,Fellis,ffellisn3@google.fr,Male,Physical Therapy Assistant
833,Fonz,Branton,fbrantonn4@de.vu,Male,Staff Scientist
834,Anjela,Klaff,aklaffn5@discovery.com,Female,Programmer III
835,Giordano,Oby,gobyn6@pen.io,Male,Nurse
836,Katrine,Southam,ksouthamn7@ocn.ne.jp,Polygender,Staff Accountant III
837,Bartholemy,McClelland,bmcclellandn8@cocolog-nifty.com,Male,Account Representative III
838,Fran,Eich,feichn9@mediafire.com,Female,Senior Editor
839,Blake,Eblein,bebleinna@mlb.com,Male,General Manager
840,Duff,Paten,dpatennb@utexas.edu,Male,Mechanical Systems Engineer
841,Helen-elizabeth,Hallbord,hhallbordnc@sakura.ne.jp,Female,Account Coordinator
842,Trenton,Skitteral,tskitteralnd@ed.gov,Male,Environmental Tech
843,Willdon,Pennell,wpennellne@storify.com,Male,Nuclear Power Engineer
844,Scarface,Hards,shardsnf@sourceforge.net,Male,Software Consultant
845,Ambros,Baike,abaikeng@engadget.com,Male,Desktop Support Technician
846,Oren,Huddle,ohuddlenh@google.com,Male,Database Administrator II
847,Dev,Marcinkowski,dmarcinkowskini@seesaa.net,Male,Help Desk Operator
848,Reagen,Brooksbie,rbrooksbienj@ifeng.com,Male,Tax Accountant
849,Blanca,Steedman,bsteedmannk@google.ru,Female,Graphic Designer
850,Rhoda,Lund,rlundnl@mozilla.org,Female,Tax Accountant
851,Jonathon,McIlenna,jmcilennanm@stumbleupon.com,Male,Staff Scientist
852,Mona,Laver,mlavernn@lycos.com,Female,Junior Executive
853,Bette,Caldero,bcalderono@independent.co.uk,Female,Marketing Manager
854,Yasmin,Clare,yclarenp@nifty.com,Female,Assistant Professor
855,Shawn,Wevell,swevellnq@craigslist.org,Female,Operator
856,Mordecai,Taggart,mtaggartnr@google.cn,Bigender,Staff Accountant I
857,Hervey,Salzberger,hsalzbergerns@yandex.ru,Male,Occupational Therapist
858,Gwennie,Arens,garensnt@cdc.gov,Female,Nuclear Power Engineer
859,Basile,Batchelder,bbatcheldernu@alibaba.com,Male,General Manager
860,Martguerita,Burchatt,mburchattnv@cnbc.com,Female,Executive Secretary
861,Leslie,Pyecroft,lpyecroftnw@google.cn,Male,VP Sales
862,Caro,Plaide,cplaidenx@shop-pro.jp,Female,Senior Cost Accountant
863,Phyllys,Trendle,ptrendleny@reference.com,Female,Environmental Tech
864,Scarlett,Ivanets,sivanetsnz@nymag.com,Genderqueer,Structural Analysis Engineer
865,Vincenty,Albasiny,valbasinyo0@reddit.com,Male,Safety Technician I
866,Reinhard,Bettridge,rbettridgeo1@omniture.com,Male,Web Developer III
867,Eddy,Kubas,ekubaso2@facebook.com,Female,Director of Sales
868,Saunderson,Tebb,stebbo3@stanford.edu,Male,Data Coordiator
869,Duncan,Crosher,dcroshero4@networkadvertising.org,Male,Staff Scientist
870,Therese,Danilevich,tdanilevicho5@yahoo.com,Female,Systems Administrator I
871,Swen,Engelmann,sengelmanno6@prweb.com,Non-binary,Tax Accountant
872,Mikkel,Gedney,mgedneyo7@cdbaby.com,Male,Account Representative II
873,Livvyy,Glanvill,lglanvillo8@ucoz.com,Female,Business Systems Development Analyst
874,Dane,Boor,dbooro9@goo.ne.jp,Male,Senior Editor
875,Egbert,Satchel,esatcheloa@arizona.edu,Male,Marketing Assistant
876,Ulrikaumeko,Giral,ugiralob@devhub.com,Female,Automation Specialist IV
877,Fina,Ireland,firelandoc@prlog.org,Female,Geologist III
878,Gabriella,Spruce,gspruceod@surveymonkey.com,Female,Civil Engineer
879,Eric,Labitt,elabittoe@amazon.co.uk,Male,Systems Administrator II
880,Ric,Bahlmann,rbahlmannof@lycos.com,Male,Assistant Media Planner
881,Lucinda,Cranstoun,lcranstounog@whitehouse.gov,Bigender,Administrative Assistant I
882,Kayne,Darwin,kdarwinoh@google.co.uk,Male,Chief Design Engineer
883,Melita,Kenwright,mkenwrightoi@yale.edu,Female,Data Coordiator
884,Isabella,McCallum,imccallumoj@bravesites.com,Female,Operator
885,Poul,Reade,preadeok@examiner.com,Male,Project Manager
886,Matelda,Puvia,mpuviaol@rakuten.co.jp,Bigender,Accounting Assistant IV
887,Ulysses,Gauler,ugaulerom@hud.gov,Male,Administrative Assistant III
888,Leland,Large,llargeon@amazon.com,Male,Business Systems Development Analyst
889,Denise,Switsur,dswitsuroo@phoca.cz,Female,Research Nurse
890,Fey,Maffioni,fmaffioniop@clickbank.net,Female,Chief Design Engineer
891,Spencer,McGregor,smcgregoroq@bloglines.com,Male,Nurse Practicioner
892,Minnaminnie,Leming,mlemingor@imageshack.us,Female,Database Administrator I
893,Nikolaos,Izakovitz,nizakovitzos@apple.com,Male,Data Coordiator
894,Violante,Guillerman,vguillermanot@zimbio.com,Genderfluid,Software Engineer III
895,Wilhelm,Tiddy,wtiddyou@t.co,Genderqueer,Legal Assistant
896,Staford,Roseveare,sroseveareov@utexas.edu,Male,Occupational Therapist
897,Lolita,Martelet,lmarteletow@wired.com,Female,VP Quality Control
898,Jorry,McVeigh,jmcveighox@linkedin.com,Female,VP Marketing
899,Maryl,Tersay,mtersayoy@studiopress.com,Female,Research Associate
900,Keeley,Sunnucks,ksunnucksoz@wisc.edu,Polygender,VP Quality Control
901,Jo-anne,Averill,javerillp0@sina.com.cn,Female,VP Sales
902,Sauncho,Slate,sslatep1@instagram.com,Genderfluid,Senior Cost Accountant
903,Rudolph,Maffeo,rmaffeop2@globo.com,Non-binary,Computer Systems Analyst I
904,Laurent,Blaker,lblakerp3@ning.com,Male,Electrical Engineer
905,Forbes,Haggas,fhaggasp4@freewebs.com,Genderfluid,Staff Accountant II
906,Tami,Costerd,tcosterdp5@behance.net,Female,Systems Administrator III
907,Kristal,Bartul,kbartulp6@toplist.cz,Female,Accountant IV
908,Arnuad,Brambley,abrambleyp7@spiegel.de,Male,Legal Assistant
909,Omar,Gluyus,ogluyusp8@trellian.com,Male,Senior Sales Associate
910,Cull,Yann,cyannp9@opensource.org,Male,Tax Accountant
911,Samson,McKillop,smckilloppa@nationalgeographic.com,Male,Structural Engineer
912,Schuyler,Hugett,shugettpb@hp.com,Male,Senior Quality Engineer
913,Hersh,Lamborne,hlambornepc@goo.ne.jp,Male,VP Accounting
914,Theresita,Cokely,tcokelypd@sbwire.com,Female,Structural Analysis Engineer
915,Joshua,Cominetti,jcominettipe@thetimes.co.uk,Agender,Analyst Programmer
916,Rhea,Slessar,rslessarpf@bigcartel.com,Genderqueer,Structural Analysis Engineer
917,Elfie,Elves,eelvespg@pcworld.com,Female,Senior Cost Accountant
918,Pace,Dear,pdearph@chron.com,Male,Marketing Manager
919,Angel,Franzonello,afranzonellopi@hc360.com,Female,Human Resources Assistant II
920,Sandor,Friedlos,sfriedlospj@oakley.com,Bigender,Registered Nurse
921,Olia,Wroughton,owroughtonpk@narod.ru,Female,Biostatistician II
922,Fanchette,Ehlerding,fehlerdingpl@com.com,Female,Account Coordinator
923,Nikos,Shemmans,nshemmanspm@washingtonpost.com,Male,Software Engineer IV
924,Leta,MacMurray,lmacmurraypn@ezinearticles.com,Female,Legal Assistant
925,Valida,Maple,vmaplepo@intel.com,Female,General Manager
926,Vlad,Pymm,vpymmpp@prlog.org,Genderfluid,Registered Nurse
927,Maury,Enriquez,menriquezpq@tiny.cc,Male,Marketing Manager
928,Guilbert,Clemenzi,gclemenzipr@wikispaces.com,Male,Account Executive
929,Alyce,Starling,astarlingps@hostgator.com,Female,Media Manager III
930,Delia,Londsdale,dlondsdalept@diigo.com,Female,Cost Accountant
931,Yorker,Dibbert,ydibbertpu@youku.com,Male,Help Desk Technician
932,Sherri,Wilcockes,swilcockespv@domainmarket.com,Female,VP Accounting
933,Harv,Willoughby,hwilloughbypw@auda.org.au,Male,Editor
934,Ron,Rawcliffe,rrawcliffepx@virginia.edu,Polygender,Product Engineer
935,Rochelle,Hek,rhekpy@baidu.com,Female,Programmer II
936,Lorilyn,Geraldi,lgeraldipz@si.edu,Female,Structural Engineer
937,Cello,Buttrey,cbuttreyq0@samsung.com,Male,Staff Scientist
938,Chandra,Orviss,corvissq1@homestead.com,Female,Recruiter
939,Tasia,Mixworthy,tmixworthyq2@craigslist.org,Female,Nurse
940,Jacqueline,Sayce,jsayceq3@netvibes.com,Female,Staff Accountant I
941,Ker,Von Oertzen,kvonoertzenq4@cornell.edu,Male,VP Product Management
942,Kincaid,Di Ruggiero,kdiruggieroq5@nydailynews.com,Male,Health Coach III
943,Ameline,Keyme,akeymeq6@elegantthemes.com,Female,Social Worker
944,Errol,Sparrowe,esparroweq7@spotify.com,Male,Clinical Specialist
945,Rhona,Ledgley,rledgleyq8@cargocollective.com,Agender,Teacher
946,Isaac,Gershom,igershomq9@nih.gov,Male,Food Chemist
947,Nester,Shevlan,nshevlanqa@sakura.ne.jp,Male,Research Assistant II
948,Franny,Volante,fvolanteqb@joomla.org,Female,Sales Representative
949,Anders,Malecky,amaleckyqc@mayoclinic.com,Male,Account Executive
950,Isaak,Casarini,icasariniqd@java.com,Male,Clinical Specialist
951,Baxy,Aspray,basprayqe@hud.gov,Male,Clinical Specialist
952,Cornell,Dedon,cdedonqf@eepurl.com,Male,Cost Accountant
953,Christoph,Borge,cborgeqg@jalbum.net,Non-binary,Physical Therapy Assistant
954,Beaufort,L' Estrange,blestrangeqh@mashable.com,Male,Programmer Analyst III
955,Rozalin,Bercher,rbercherqi@jugem.jp,Female,Software Test Engineer IV
956,Johannah,Elliot,jelliotqj@devhub.com,Agender,Project Manager
957,Rich,Sneezem,rsneezemqk@seattletimes.com,Male,GIS Technical Architect
958,Sutton,Tarver,starverql@phpbb.com,Male,Director of Sales
959,Zaccaria,Fittis,zfittisqm@berkeley.edu,Male,Staff Accountant I
960,Cordi,Errichelli,cerrichelliqn@msn.com,Female,Office Assistant II
961,Wiley,MacLise,wmacliseqo@phoca.cz,Male,Business Systems Development Analyst
962,Letisha,Durnall,ldurnallqp@mlb.com,Female,Research Nurse
963,Tamar,Medley,tmedleyqq@booking.com,Female,Operator
964,Araldo,Rembrandt,arembrandtqr@prlog.org,Male,Editor
965,Matthew,Behnecken,mbehneckenqs@huffingtonpost.com,Male,Office Assistant II
966,Hamilton,Izhak,hizhakqt@shutterfly.com,Male,Tax Accountant
967,Cordy,Chumley,cchumleyqu@bravesites.com,Female,Health Coach I
968,Jase,Blouet,jblouetqv@samsung.com,Male,Computer Systems Analyst III
969,Emmerich,Simchenko,esimchenkoqw@xinhuanet.com,Male,Cost Accountant
970,Freda,Muxworthy,fmuxworthyqx@digg.com,Female,Environmental Tech
971,Garvy,Moy,gmoyqy@uol.com.br,Male,Office Assistant II
972,Ellene,Newart,enewartqz@forbes.com,Female,Compensation Analyst
973,Hubie,Dorman,hdormanr0@hostgator.com,Male,Community Outreach Specialist
974,Staffard,Sandars,ssandarsr1@alibaba.com,Male,Health Coach IV
975,Basile,Pfeffle,bpfeffler2@samsung.com,Polygender,Editor
976,Gorden,Nolli,gnollir3@theguardian.com,Male,Environmental Specialist
977,Abagail,McAmish,amcamishr4@ed.gov,Female,Senior Financial Analyst
978,Welch,Ends,wendsr5@cloudflare.com,Male,Programmer Analyst III
979,Dani,Schonfeld,dschonfeldr6@webeden.co.uk,Male,Dental Hygienist
980,Fidole,Probat,fprobatr7@tuttocitta.it,Male,Nuclear Power Engineer
981,Ed,Gross,egrossr8@buzzfeed.com,Male,Budget/Accounting Analyst II
982,Waverley,Belderfield,wbelderfieldr9@cbc.ca,Bigender,Developer IV
983,Constancy,Weldrick,cweldrickra@ask.com,Female,Occupational Therapist
984,Kin,Trueman,ktruemanrb@nytimes.com,Male,Budget/Accounting Analyst I
985,Darelle,Horsburgh,dhorsburghrc@biblegateway.com,Female,Speech Pathologist
986,Kerry,De Rye Barrett,kderyebarrettrd@tinyurl.com,Female,General Manager
987,Adolpho,Swedeland,aswedelandre@list-manage.com,Male,Software Test Engineer III
988,Calli,Troutbeck,ctroutbeckrf@geocities.jp,Female,Electrical Engineer
989,Cybil,Norville,cnorvillerg@hatena.ne.jp,Female,Web Designer I
990,Clarita,Seavers,cseaversrh@reverbnation.com,Female,VP Marketing
991,Tasha,Skoof,tskoofri@usda.gov,Female,Programmer III
992,Laurie,Milsom,lmilsomrj@gov.uk,Female,Business Systems Development Analyst
993,Caddric,Stych,cstychrk@storify.com,Male,Editor
994,Meggi,Treversh,mtrevershrl@tiny.cc,Female,Media Manager II
995,Field,Zimek,fzimekrm@theglobeandmail.com,Male,Quality Control Specialist
996,Danni,Gilphillan,dgilphillanrn@google.es,Female,Electrical Engineer
997,Kerry,Sinclaire,ksinclairero@jalbum.net,Male,Director of Sales
998,Beniamino,Semeradova,bsemeradovarp@mapy.cz,Male,Graphic Designer
999,Celesta,Kopmann,ckopmannrq@xrea.com,Female,Senior Developer
1000,Keriann,Antonelli,kantonellirr@artisteer.com,Female,Mechanical Systems Engineer